timestamp,ticker,price,change,change_percent,source
2026-08-20T23:03:58+08:00,QCOM,161.91,1.72,1.07%,https://stockanalysis.com/stocks/qcom/
2026-08-20T23:03:58+08:00,NVDA,219.20,-0.54,-0.25%,https://stockanalysis.com/stocks/nvda/
2026-08-20T23:17:14+08:00,QCOM,161.91,1.72,1.07%,https://www.cnbc.com/quotes/QCOM
2026-08-20T23:17:14+08:00,NVDA,217.56,-2.18,-0.99%,https://www.cnbc.com/quotes/NVDA
2026-08-21T00:07:03+08:00,QCOM,161.91,1.72,1.07%,https://www.cnbc.com/quotes/QCOM
2026-08-21T00:07:03+08:00,NVDA,217.56,-2.18,-0.99%,https://www.cnbc.com/quotes/NVDA
2026-08-21T01:05:37+08:00,QCOM,161.91,1.72,1.07%,https://www.google.com/finance/quote/QCOM:NASDAQ
2026-08-21T01:05:37+08:00,NVDA,217.56,-2.18,-0.99%,https://www.google.com/finance/quote/NVDA:NASDAQ
2026-08-21T02:06:44+08:00,QCOM,161.91,1.72,1.07%,https://stockanalysis.com/stocks/qcom/
2026-08-21T02:06:44+08:00,NVDA,218.27,0.71,0.33%,https://stockanalysis.com/stocks/nvda/
2026-08-21T03:05:52+08:00,QCOM,163.16,1.25,0.77%,https://robinhood.com/us/en/stocks/QCOM/
2026-08-21T03:05:52+08:00,NVDA,216.74,-0.94,-0.43%,https://stockinvest.us/stock/NVDA
2026-08-21T04:05:37+08:00,QCOM,161.91,1.72,1.07%,https://finance.yahoo.com/quote/QCOM/
2026-08-21T04:05:37+08:00,NVDA,217.56,-2.18,-0.99%,https://finance.yahoo.com/quote/NVDA/
2026-08-21T22:05:34+08:00,QCOM,160.74,-1.17,-0.72%,https://www.investing.com/equities/qualcomm-inc
2026-08-21T22:05:34+08:00,NVDA,216.85,-0.71,-0.33%,https://www.investing.com/equities/nvidia-corp
2026-08-21T23:05:02+08:00,QCOM,160.74,-1.17,-0.72%,https://www.investing.com/equities/qualcomm-inc
2026-08-21T23:05:02+08:00,NVDA,216.85,-0.71,-0.33%,https://www.investing.com/equities/nvidia-corp
2026-08-22T00:07:16+08:00,QCOM,160.74,-1.17,-0.72%,https://www.investing.com/equities/qualcomm-inc
2026-08-22T00:07:16+08:00,NVDA,216.85,-0.71,-0.33%,https://www.investing.com/equities/nvidia-corp
2026-08-22T01:04:33+08:00,QCOM,160.74,-1.17,-0.72%,https://www.investing.com/equities/qualcomm-inc
2026-08-22T01:04:33+08:00,NVDA,216.85,-0.71,-0.33%,https://www.investing.com/equities/nvidia-corp
2026-08-22T02:05:41+08:00,QCOM,160.74,-1.17,-0.72%,https://www.investing.com/equities/qualcomm-inc
2026-08-22T02:05:41+08:00,NVDA,216.85,-0.71,-0.33%,https://www.investing.com/equities/nvidia-corp
2026-08-22T03:04:30+08:00,QCOM,160.74,-1.17,-0.72%,https://www.investing.com/equities/qualcomm-inc
2026-08-22T03:04:30+08:00,NVDA,216.85,-0.71,-0.33%,https://www.investing.com/equities/nvidia-corp
2026-08-22T04:04:32+08:00,QCOM,160.74,-1.17,-0.72%,https://www.investing.com/equities/qualcomm-inc
2026-08-22T04:04:32+08:00,NVDA,216.85,-0.71,-0.33%,https://www.investing.com/equities/nvidia-corp
2026-08-24T22:07:31+08:00,QCOM,160.75,0.01,0.01%,https://finviz.com/quote?t=QCOM
2026-08-24T22:07:31+08:00,NVDA,214.72,-2.13,-0.98%,https://www.investing.com/equities/nvidia-corp
2026-08-24T23:04:49+08:00,QCOM,160.75,0.01,0.01%,https://finance.yahoo.com/quote/QCOM/
2026-08-24T23:04:49+08:00,NVDA,214.72,-2.13,-0.98%,https://finance.yahoo.com/quote/NVDA/
2026-08-25T00:08:42+08:00,QCOM,157.68,-3.07,-1.91%,https://www.cnn.com/markets/stocks/QCOM
2026-08-25T00:08:42+08:00,NVDA,209.71,-7.14,-3.29%,https://www.benzinga.com/quote/NVDA
2026-08-25T01:06:28+08:00,QCOM,157.68,-3.07,-1.91%,https://stockanalysis.com/stocks/qcom/
2026-08-25T01:06:28+08:00,NVDA,209.09,-5.63,-2.62%,https://stockanalysis.com/stocks/nvda/
2026-08-25T02:04:50+08:00,QCOM,160.75,0.01,0.01%,https://www.google.com/finance/quote/QCOM:NASDAQ
2026-08-25T02:04:50+08:00,NVDA,214.72,-2.13,-0.98%,https://www.google.com/finance/quote/NVDA:NASDAQ
2026-08-25T03:04:19+08:00,QCOM,160.75,0.01,0.01%,https://finance.yahoo.com/quote/QCOM/
2026-08-25T03:04:19+08:00,NVDA,214.72,-2.13,-0.98%,https://finance.yahoo.com/quote/NVDA/
2026-08-25T04:09:22+08:00,QCOM,161.61,0.86,0.53%,https://www.cnn.com/markets/stocks/QCOM
2026-08-25T04:09:22+08:00,NVDA,208.50,-6.22,-2.90%,https://www.cnn.com/markets/stocks/NVDA
2026-08-25T22:05:27+08:00,QCOM,158.53,-2.22,-1.38%,https://www.cnn.com/markets/stocks/QCOM
2026-08-25T22:05:27+08:00,NVDA,208.48,-6.22,-2.90%,https://www.cnn.com/markets/stocks/NVDA
2026-08-25T23:05:52+08:00,QCOM,158.53,-2.22,-1.38%,https://www.cnn.com/markets/stocks/QCOM
2026-08-25T23:05:52+08:00,NVDA,209.93,-4.79,-2.2%,https://www.cnn.com/markets/stocks/NVDA
2026-08-26T01:07:19+08:00,QCOM,158.53,-2.22,-1.38%,https://www.cnn.com/markets/stocks/QCOM
2026-08-26T01:07:19+08:00,NVDA,209.93,-4.79,-2.23%,https://www.cnn.com/markets/stocks/NVDA
2026-08-26T02:06:48+08:00,QCOM,160.47,2.05,1.29%,https://www.investing.com/equities/qualcomm-inc
2026-08-26T02:06:48+08:00,NVDA,208.48,-6.24,-2.91%,https://www.investing.com/equities/nvidia-corp
2026-08-26T03:05:11+08:00,QCOM,161.05,2.52,1.59%,https://stockanalysis.com/stocks/qcom/
2026-08-26T03:05:11+08:00,NVDA,212.29,3.81,1.83%,https://stockanalysis.com/stocks/nvda/
2026-08-26T04:04:02+08:00,QCOM,158.53,-2.22,-1.38%,https://www.cnn.com/markets/stocks/QCOM
2026-08-26T04:04:02+08:00,NVDA,208.48,-6.22,-2.90%,https://www.cnn.com/markets/stocks/NVDA
2026-08-26T22:04:32+08:00,QCOM,162.59,2.03,1.28%,https://www.marketbeat.com/stocks/NASDAQ/QCOM/
2026-08-26T22:04:32+08:00,NVDA,212.74,4.26,2.04%,https://finance.yahoo.com/quote/NVDA/
2026-08-26T23:07:27+08:00,QCOM,162.59,2.03,1.28%,https://www.investing.com/equities/qualcomm-inc
2026-08-26T23:07:27+08:00,NVDA,213.23,4.75,2.28%,https://www.investing.com/equities/nvidia-corp
2026-08-27T00:08:07+08:00,QCOM,162.59,2.03,1.28%,https://www.investing.com/equities/qualcomm-inc
2026-08-27T00:08:07+08:00,NVDA,213.23,4.75,2.28%,https://www.investing.com/equities/nvidia-corp
2026-08-27T01:04:58+08:00,QCOM,160.56,2.03,1.28%,https://www.cnn.com/markets/stocks/QCOM
2026-08-27T01:04:58+08:00,NVDA,213.05,4.57,2.19%,https://www.cnn.com/markets/stocks/NVDA
2026-08-27T02:05:59+08:00,QCOM,160.56,2.03,1.28%,https://finance.yahoo.com/quote/QCOM/
2026-08-27T02:05:59+08:00,NVDA,213.83,0.78,0.37%,https://finance.yahoo.com/quote/NVDA/
2026-08-27T03:05:15+08:00,QCOM,160.56,2.03,1.28%,https://www.cnn.com/markets/stocks/QCOM
2026-08-27T03:05:15+08:00,NVDA,213.05,4.57,2.19%,https://www.cnn.com/markets/stocks/NVDA
2026-08-27T04:05:09+08:00,QCOM,160.56,2.03,1.28%,https://www.cnn.com/markets/stocks/QCOM
2026-08-27T04:05:09+08:00,NVDA,213.05,4.57,2.19%,https://www.cnn.com/markets/stocks/NVDA
2026-08-27T22:04:37+08:00,QCOM,160.56,2.03,1.28%,https://www.cnn.com/markets/stocks/QCOM
2026-08-27T22:04:37+08:00,NVDA,213.70,3.05,1.45%,https://public.com/stocks/nvda/after-hours
2026-08-27T23:07:11+08:00,QCOM,160.56,2.03,1.28%,https://www.cnn.com/markets/stocks/QCOM
2026-08-27T23:07:11+08:00,NVDA,221.83,8.78,5.64%,https://www.nasdaq.com/market-activity/stocks/nvda
2026-08-28T00:05:14+08:00,QCOM,160.56,2.03,1.28%,https://www.cnn.com/markets/stocks/QCOM
2026-08-28T00:05:14+08:00,NVDA,221.83,8.78,5.64%,https://www.nasdaq.com/market-activity/stocks/nvda
2026-08-28T01:06:40+08:00,QCOM,162.59,2.03,1.28%,https://www.cnn.com/markets/stocks/QCOM
2026-08-28T01:06:40+08:00,NVDA,219.53,9.87,4.71%,https://robinhood.com/us/en/stocks/NVDA/
2026-08-28T02:04:26+08:00,QCOM,161.05,2.03,1.28%,https://www.cnn.com/markets/stocks/QCOM
2026-08-28T02:04:26+08:00,NVDA,227.49,17.55,8.36%,https://www.morningstar.com/stocks/xnas/nvda/quote
2026-08-28T03:05:42+08:00,QCOM,160.56,2.03,1.28%,https://www.cnn.com/markets/stocks/QCOM
2026-08-28T03:05:42+08:00,NVDA,221.83,8.78,5.64%,https://www.cnn.com/markets/stocks/NVDA
2026-08-28T04:06:43+08:00,QCOM,163.86,0.13,0.08%,https://www.cnbc.com/quotes/QCOM
2026-08-28T04:06:43+08:00,NVDA,221.83,8.78,5.64%,https://www.nasdaq.com/market-activity/stocks/nvda
2026-08-28T22:08:35+08:00,QCOM,164.14,1.11,0.68%,https://www.cnn.com/markets/stocks/QCOM
2026-08-28T22:08:35+08:00,NVDA,226.15,18.32,8.74%,https://www.cnn.com/markets/stocks/NVDA
2026-08-28T23:07:50+08:00,QCOM,164.14,1.11,0.68%,https://www.cnn.com/markets/stocks/QCOM
2026-08-28T23:07:50+08:00,NVDA,227.98,18.32,8.74%,https://www.nasdaq.com/market-activity/stocks/nvda
2026-08-29T00:06:03+08:00,QCOM,163.72,1.11,0.68%,https://www.cnbc.com/quotes/QCOM
2026-08-29T00:06:03+08:00,NVDA,226.15,-1.59,-0.70%,https://www.cnbc.com/quotes/NVDA
2026-08-29T01:05:21+08:00,QCOM,164.73,-0.05,-0.03%,https://stockanalysis.com/stocks/qcom/history/
2026-08-29T01:05:21+08:00,NVDA,227.98,18.32,8.74%,https://www.macrotrends.net/stocks/charts/NVDA/nvidia/stock-price-history
2026-08-29T03:05:29+08:00,QCOM,164.65,1.11,0.68%,https://finviz.com/quote?t=QCOM
2026-08-29T03:05:29+08:00,NVDA,227.98,18.32,8.74%,https://www.nasdaq.com/market-activity/stocks/nvda
2026-08-29T04:06:25+08:00,QCOM,164.78,1.06,0.65%,https://www.cnbc.com/quotes/QCOM
2026-08-29T04:06:25+08:00,NVDA,227.98,18.32,8.74%,https://www.nasdaq.com/market-activity/stocks/nvda
2026-08-31T22:07:57+08:00,QCOM,164.19,-0.59,-0.36%,https://www.nasdaq.com/market-activity/stocks/qcom
2026-08-31T22:07:57+08:00,NVDA,217.55,-10.43,-4.57%,https://www.nasdaq.com/market-activity/stocks/nvda
2026-08-31T23:05:58+08:00,QCOM,164.19,-0.59,-0.36%,https://www.nasdaq.com/market-activity/stocks/qcom
2026-08-31T23:05:58+08:00,NVDA,217.55,-10.43,-4.57%,https://www.nasdaq.com/market-activity/stocks/nvda
2026-09-01T00:08:23+08:00,QCOM,164.52,1.55,0.95%,https://www.cnbc.com/quotes/QCOM
2026-09-01T00:08:23+08:00,NVDA,217.88,-10.22,-4.48%,https://www.cnbc.com/quotes/NVDA
2026-09-01T01:07:02+08:00,QCOM,164.10,-0.71,-0.43%,https://www.cnbc.com/quotes/QCOM
2026-09-01T01:07:02+08:00,NVDA,218.56,-10.47,-4.57%,https://www.cnbc.com/quotes/NVDA
2026-09-01T02:06:34+08:00,QCOM,164.19,-0.59,-0.36%,https://www.cnbc.com/quotes/QCOM
2026-09-01T02:06:34+08:00,NVDA,217.55,-10.43,-4.57%,https://www.cnbc.com/quotes/NVDA
2026-09-01T03:04:06+08:00,QCOM,164.19,-0.59,-0.36%,https://www.cnbc.com/quotes/QCOM
2026-09-01T03:04:06+08:00,NVDA,217.55,-10.43,-4.57%,https://www.cnbc.com/quotes/NVDA
2026-09-01T04:07:06+08:00,QCOM,164.19,-0.59,-0.36%,https://www.cnbc.com/quotes/QCOM
2026-09-01T04:07:06+08:00,NVDA,217.55,-10.43,-4.57%,https://www.cnbc.com/quotes/NVDA
2026-09-01T22:06:01+08:00,QCOM,164.19,-0.59,-0.36%,https://www.cnbc.com/quotes/QCOM
2026-09-01T22:06:01+08:00,NVDA,217.33,-3.45,-1.56%,https://finance.yahoo.com/quote/NVDA/
2026-09-01T23:06:04+08:00,QCOM,168.46,4.27,2.60%,https://finance.yahoo.com/quote/QCOM/
2026-09-01T23:06:04+08:00,NVDA,218.33,-2.46,-1.11%,https://www.cnbc.com/quotes/NVDA
2026-09-02T00:08:37+08:00,QCOM,165.25,0.10,0.06%,https://finance.yahoo.com/quote/QCOM/history/
2026-09-02T00:08:37+08:00,NVDA,217.55,-10.43,-4.58%,https://finance.yahoo.com/quote/NVDA/history/
2026-09-02T01:03:55+08:00,QCOM,164.52,1.55,0.95%,https://www.google.com/finance/quote/QCOM:NASDAQ
2026-09-02T01:03:55+08:00,NVDA,218.33,-2.46,-1.11%,https://www.cnbc.com/quotes/NVDA
2026-09-02T02:05:25+08:00,QCOM,166.29,-4.16,-2.44%,https://finance.yahoo.com/quote/QCOM/
2026-09-02T02:05:25+08:00,NVDA,220.78,0.00,0.00%,https://finance.yahoo.com/quote/NVDA/
2026-09-02T03:05:07+08:00,QCOM,166.28,-4.16,-2.44%,https://finance.yahoo.com/quote/QCOM/
2026-09-02T03:05:07+08:00,NVDA,218.88,-4.02,-1.82%,https://finance.yahoo.com/quote/NVDA/
2026-09-02T04:04:51+08:00,QCOM,165.83,-4.65,-2.73%,https://www.cnbc.com/quotes/QCOM
2026-09-02T04:04:51+08:00,NVDA,219.70,1.08,0.49%,https://www.cnbc.com/quotes/NVDA
2026-09-02T22:09:40+08:00,QCOM,166.28,-4.16,-2.44%,https://finance.yahoo.com/quote/QCOM/
2026-09-02T22:09:40+08:00,NVDA,217.44,-3.34,-1.51%,https://www.coinbase.com/stock/NVDA
2026-09-02T23:05:53+08:00,QCOM,166.29,-4.16,-2.44%,https://finance.yahoo.com/quote/QCOM/
2026-09-02T23:05:53+08:00,NVDA,218.33,-2.46,-1.11%,https://finance.yahoo.com/quote/NVDA/
2026-09-03T00:06:56+08:00,QCOM,166.61,-4.77,-2.80%,https://www.cnbc.com/quotes/QCOM
2026-09-03T00:06:56+08:00,NVDA,217.44,-3.34,-1.51%,https://www.coinbase.com/stock/NVDA
2026-09-03T01:05:45+08:00,QCOM,166.61,-3.87,-2.27%,https://finance.yahoo.com/quote/QCOM/
2026-09-03T01:05:45+08:00,NVDA,217.44,-3.34,-1.51%,https://www.coinbase.com/stock/NVDA
2026-09-03T02:06:02+08:00,QCOM,166.61,-4.77,-2.80%,https://www.cnbc.com/quotes/QCOM
2026-09-03T02:06:02+08:00,NVDA,217.44,-3.34,-1.51%,https://www.coinbase.com/stock/NVDA
2026-09-03T03:04:37+08:00,QCOM,166.34,-4.14,-2.43%,https://finance.yahoo.com/quote/QCOM/
2026-09-03T03:04:37+08:00,NVDA,224.72,9.39,4.32%,https://www.coinbase.com/stock/NVDA
2026-09-03T04:04:25+08:00,QCOM,165.83,-4.65,-2.73%,https://www.cnbc.com/quotes/QCOM
2026-09-03T04:04:25+08:00,NVDA,224.72,9.39,4.32%,https://www.coinbase.com/stock/NVDA
2026-09-03T22:07:43+08:00,QCOM,169.96,3.35,2.01%,https://www.cnbc.com/quotes/QCOM
2026-09-03T22:07:43+08:00,NVDA,225.81,1.40,0.62%,https://finance.yahoo.com/quote/NVDA/
2026-09-03T23:07:19+08:00,QCOM,170.51,3.90,2.34%,https://finance.yahoo.com/quote/QCOM/
2026-09-03T23:07:19+08:00,NVDA,209.66,-3.39,-1.59%,https://finance.yahoo.com/quote/NVDA/
2026-09-04T00:19:59+08:00,QCOM,169.96,3.35,2.01%,https://www.cnn.com/markets/stocks/QCOM
2026-09-04T00:19:59+08:00,NVDA,227.35,2.94,1.31%,https://stockanalysis.com/stocks/nvda/
2026-09-04T01:05:03+08:00,QCOM,169.96,3.35,2.01%,https://www.cnn.com/markets/stocks/QCOM
2026-09-04T01:05:03+08:00,NVDA,227.35,2.94,1.31%,https://stockanalysis.com/stocks/nvda/
2026-09-04T02:04:46+08:00,QCOM,169.96,3.35,2.01%,https://stockanalysis.com/stocks/qcom/
2026-09-04T02:04:46+08:00,NVDA,227.51,3.10,1.38%,https://finance.yahoo.com/technology/live/tech-stocks-today-apple-ceo-steps-down-nvidia-mag-7-145623375.html
2026-09-04T03:05:20+08:00,QCOM,169.96,3.35,2.01%,https://finance.yahoo.com/quote/QCOM/
2026-09-04T03:05:20+08:00,NVDA,227.35,2.94,1.31%,https://finance.yahoo.com/quote/NVDA/
2026-09-04T04:04:01+08:00,QCOM,169.96,3.35,2.01%,https://finance.yahoo.com/quote/QCOM/
2026-09-04T04:04:01+08:00,NVDA,227.35,2.94,1.31%,https://finance.yahoo.com/quote/NVDA/
2026-09-04T22:06:54+08:00,QCOM,168.57,-1.39,-0.82%,https://www.google.com/finance/quote/QCOM:NASDAQ
2026-09-04T22:06:54+08:00,NVDA,229.62,1.17,0.51%,https://www.google.com/finance/quote/NVDA:NASDAQ
2026-09-04T23:06:03+08:00,QCOM,168.57,-1.39,-0.82%,https://finance.yahoo.com/quote/QCOM/
2026-09-04T23:06:03+08:00,NVDA,228.45,4.04,1.80%,https://finviz.com/quote.ashx?t=NVDA
2026-09-05T00:05:02+08:00,QCOM,168.57,-1.39,-0.82%,https://www.cnbc.com/quotes/QCOM
2026-09-05T00:05:02+08:00,NVDA,227.35,2.94,1.31%,https://stockanalysis.com/stocks/nvda/
2026-09-05T01:05:08+08:00,QCOM,168.57,-1.39,-0.82%,https://www.nasdaq.com/market-activity/stocks/qcom
2026-09-05T01:05:08+08:00,NVDA,231.11,2.66,1.16%,https://www.nasdaq.com/market-activity/stocks/nvda
2026-09-05T02:04:40+08:00,QCOM,168.57,-1.39,-0.82%,https://www.nasdaq.com/market-activity/stocks/qcom
2026-09-05T02:04:40+08:00,NVDA,231.11,2.66,1.16%,https://www.nasdaq.com/market-activity/stocks/nvda
2026-09-05T03:04:29+08:00,QCOM,168.57,-1.39,-0.82%,https://www.nasdaq.com/market-activity/stocks/qcom
2026-09-05T03:04:29+08:00,NVDA,231.11,2.66,1.16%,https://www.nasdaq.com/market-activity/stocks/nvda
2026-09-05T04:04:15+08:00,QCOM,168.57,-1.39,-0.82%,https://www.nasdaq.com/market-activity/stocks/qcom
2026-09-05T04:04:15+08:00,NVDA,231.11,2.66,1.16%,https://www.nasdaq.com/market-activity/stocks/nvda
2026-09-07T22:06:02+08:00,QCOM,168.74,0.17,0.10%,https://www.nasdaq.com/market-activity/stocks/qcom
2026-09-07T22:06:02+08:00,NVDA,230.36,1.91,0.84%,https://www.nasdaq.com/market-activity/stocks/nvda
2026-09-07T23:06:25+08:00,QCOM,168.74,0.17,0.10%,https://finance.yahoo.com/quote/QCOM/
2026-09-07T23:06:25+08:00,NVDA,230.36,1.91,0.84%,https://finance.yahoo.com/quote/NVDA/
2026-09-08T00:05:14+08:00,QCOM,168.74,0.17,0.10%,https://www.nasdaq.com/market-activity/stocks/qcom
2026-09-08T00:05:14+08:00,NVDA,230.36,1.91,0.84%,https://www.nasdaq.com/market-activity/stocks/nvda
2026-09-08T01:04:24+08:00,QCOM,168.74,0.17,0.10%,https://www.nasdaq.com/market-activity/stocks/qcom
2026-09-08T01:04:24+08:00,NVDA,230.36,1.91,0.84%,https://www.nasdaq.com/market-activity/stocks/nvda
2026-09-08T02:05:13+08:00,QCOM,168.74,0.17,0.10%,https://www.nasdaq.com/market-activity/stocks/qcom
2026-09-08T02:05:13+08:00,NVDA,230.36,1.91,0.84%,https://www.nasdaq.com/market-activity/stocks/nvda
2026-09-08T03:04:49+08:00,QCOM,168.74,0.17,0.10%,https://finance.yahoo.com/quote/QCOM/
2026-09-08T03:04:49+08:00,NVDA,230.36,1.91,0.84%,https://finance.yahoo.com/quote/NVDA/
2026-09-08T04:05:22+08:00,QCOM,168.74,0.17,0.10%,https://www.nasdaq.com/market-activity/stocks/qcom
2026-09-08T04:05:22+08:00,NVDA,230.36,1.91,0.84%,https://www.nasdaq.com/market-activity/stocks/nvda
2026-09-08T22:06:10+08:00,QCOM,168.74,0.17,0.10%,https://finance.yahoo.com/quote/QCOM/
2026-09-08T22:06:10+08:00,NVDA,230.36,1.91,0.84%,https://finance.yahoo.com/quote/NVDA/
2026-09-08T23:05:47+08:00,QCOM,168.74,0.17,0.10%,https://finance.yahoo.com/quote/QCOM/
2026-09-08T23:05:47+08:00,NVDA,229.45,1.05,0.46%,https://finance.yahoo.com/quote/NVDA/
2026-09-09T00:05:29+08:00,QCOM,168.74,0.17,0.10%,https://finance.yahoo.com/quote/QCOM/
2026-09-09T00:05:29+08:00,NVDA,229.45,1.05,0.46%,https://www.nasdaq.com/market-activity/stocks/nvda
2026-09-09T01:05:43+08:00,QCOM,168.74,0.17,0.10%,https://finance.yahoo.com/quote/QCOM/
2026-09-09T01:05:43+08:00,NVDA,229.45,1.05,0.46%,https://finance.yahoo.com/quote/NVDA/
2026-09-09T02:05:07+08:00,QCOM,168.74,0.17,0.10%,https://www.cnbc.com/quotes/QCOM
2026-09-09T02:05:07+08:00,NVDA,230.36,1.91,0.84%,https://www.cnbc.com/quotes/NVDA
2026-09-09T03:04:11+08:00,QCOM,168.74,0.17,0.10%,https://www.cnbc.com/quotes/QCOM
2026-09-09T03:04:11+08:00,NVDA,230.36,1.91,0.84%,https://www.cnbc.com/quotes/NVDA
2026-09-09T04:05:56+08:00,QCOM,180.41,11.67,6.92%,https://www.benzinga.com/trading-ideas/movers/26/09/61657926/qualcomm-stock-rises-after-multi-generation-ai-chip-deal-with-amazon
2026-09-09T04:05:56+08:00,NVDA,231.47,1.11,0.48%,https://www.investing.com/equities/nvidia-corp
2026-09-09T22:07:01+08:00,QCOM,168.74,0.17,0.10%,https://www.cnn.com/markets/stocks/QCOM
2026-09-09T22:07:01+08:00,NVDA,225.73,-4.51,-1.96%,https://www.cnn.com/markets/stocks/NVDA
2026-09-09T23:07:05+08:00,QCOM,177.61,5.44,3.17%,https://finance.yahoo.com/quote/QCOM/
2026-09-09T23:07:05+08:00,NVDA,225.82,1.89,0.84%,https://finance.yahoo.com/quote/NVDA/
2026-09-10T00:05:40+08:00,QCOM,168.74,0.17,0.10%,https://www.cnn.com/markets/stocks/QCOM
2026-09-10T00:05:40+08:00,NVDA,224.37,-4.63,-2.01%,https://www.cnn.com/markets/stocks/NVDA
2026-09-10T01:05:23+08:00,QCOM,174.09,5.35,3.17%,https://stockanalysis.com/stocks/qcom/
2026-09-10T01:05:23+08:00,NVDA,225.73,-4.63,-2.01%,https://stockanalysis.com/stocks/nvda/
2026-09-10T02:04:18+08:00,QCOM,175.94,1.85,1.06%,https://www.cnn.com/markets/stocks/QCOM
2026-09-10T02:04:18+08:00,NVDA,224.39,-1.34,-0.59%,https://www.cnn.com/markets/stocks/NVDA
2026-09-10T03:06:38+08:00,QCOM,175.94,1.85,1.06%,https://www.cnn.com/markets/stocks/QCOM
2026-09-10T03:06:38+08:00,NVDA,224.39,-1.34,-0.59%,https://www.cnn.com/markets/stocks/NVDA
2026-09-10T04:05:39+08:00,QCOM,174.09,5.35,3.17%,https://www.investing.com/equities/qualcomm-inc
2026-09-10T04:05:39+08:00,NVDA,225.73,-4.63,-2.01%,https://www.investing.com/equities/nvidia-corp
2026-09-10T22:06:14+08:00,QCOM,176.40,1.85,1.06%,https://www.investing.com/equities/qualcomm-inc
2026-09-10T22:06:14+08:00,NVDA,225.73,-4.63,-2.01%,https://www.investing.com/equities/nvidia-corp
2026-09-10T23:07:36+08:00,QCOM,176.40,1.85,1.06%,https://www.investing.com/equities/qualcomm-inc
2026-09-10T23:07:36+08:00,NVDA,223.67,-2.06,-0.91%,https://www.investing.com/equities/nvidia-corp
2026-09-11T00:07:11+08:00,QCOM,176.40,1.85,1.06%,https://stockanalysis.com/stocks/qcom/
2026-09-11T00:07:11+08:00,NVDA,218.15,-5.52,-2.47%,https://stockanalysis.com/stocks/nvda/
2026-09-11T01:04:46+08:00,QCOM,176.40,1.85,1.06%,https://www.investing.com/equities/qualcomm-inc
2026-09-11T01:04:46+08:00,NVDA,223.67,-2.06,-0.91%,https://www.investing.com/equities/nvidia-corp
2026-09-11T02:04:51+08:00,QCOM,176.40,1.85,1.06%,https://www.investing.com/equities/qualcomm-inc
2026-09-11T02:04:51+08:00,NVDA,223.67,-2.06,-0.91%,https://www.investing.com/equities/nvidia-corp
2026-09-11T03:04:27+08:00,QCOM,176.40,1.85,1.06%,https://www.investing.com/equities/qualcomm-inc
2026-09-11T03:04:27+08:00,NVDA,223.67,-2.06,-0.91%,https://www.investing.com/equities/nvidia-corp
2026-09-11T04:05:52+08:00,QCOM,176.40,1.85,1.06%,https://www.nasdaq.com/market-activity/stocks/qcom
2026-09-11T04:05:52+08:00,NVDA,223.67,-4.61,-2.01%,https://www.nasdaq.com/market-activity/stocks/nvda
2026-09-11T22:06:04+08:00,QCOM,176.88,0.48,0.27%,https://www.cnbc.com/quotes/QCOM
2026-09-11T22:06:04+08:00,NVDA,218.14,-5.53,-2.47%,https://stockanalysis.com/stocks/nvda/
2026-09-11T23:06:37+08:00,QCOM,176.92,0.52,0.29%,https://stockanalysis.com/stocks/qcom/
2026-09-11T23:06:37+08:00,NVDA,218.36,-5.92,-2.65%,https://tradingeconomics.com/nvda:us
2026-09-12T00:05:00+08:00,QCOM,176.40,0.52,0.29%,https://www.investing.com/equities/qualcomm-inc
2026-09-12T00:05:00+08:00,NVDA,220.21,1.80,0.82%,https://www.cnbc.com/quotes/NVDA
2026-09-12T02:05:46+08:00,QCOM,179.05,2.65,1.50%,https://stockanalysis.com/stocks/qcom/
2026-09-12T02:05:46+08:00,NVDA,219.59,1.23,0.56%,https://stockanalysis.com/stocks/nvda/
2026-09-12T03:04:33+08:00,QCOM,176.88,0.48,0.27%,https://www.cnbc.com/quotes/QCOM
2026-09-12T03:04:33+08:00,NVDA,221.40,3.04,1.39%,https://www.cnn.com/markets/stocks/NVDA
2026-09-12T04:05:44+08:00,QCOM,177.30,0.52,0.29%,https://robinhood.com/us/en/stocks/QCOM/
2026-09-12T04:05:44+08:00,NVDA,221.74,3.04,1.39%,https://robinhood.com/us/en/stocks/NVDA/
2026-09-14T22:06:06+08:00,QCOM,182.15,5.09,2.88%,https://www.investing.com/equities/qualcomm-inc
2026-09-14T22:06:06+08:00,NVDA,218.29,-0.07,-0.03%,https://www.investing.com/equities/nvidia-corp
2026-09-14T23:06:15+08:00,QCOM,181.97,5.09,2.88%,https://www.investing.com/equities/qualcomm-inc
2026-09-14T23:06:15+08:00,NVDA,218.29,-7.47,-3.42%,https://www.investing.com/equities/nvidia-corp
2026-09-15T00:05:53+08:00,QCOM,181.97,5.09,2.88%,https://www.investing.com/equities/qualcomm-inc
2026-09-15T00:05:53+08:00,NVDA,218.29,-7.47,-3.42%,https://www.investing.com/equities/nvidia-corp
2026-09-15T01:05:38+08:00,QCOM,181.97,5.09,2.88%,https://www.investing.com/equities/qualcomm-inc
2026-09-15T01:05:38+08:00,NVDA,218.29,-0.03,-0.01%,https://www.investing.com/equities/nvidia-corp
2026-09-15T02:03:34+08:00,QCOM,181.97,5.09,2.88%,https://www.investing.com/equities/qualcomm-inc
2026-09-15T02:03:34+08:00,NVDA,218.29,-0.03,-0.01%,https://www.investing.com/equities/nvidia-corp
2026-09-15T03:04:26+08:00,QCOM,181.97,5.09,2.88%,https://www.investing.com/equities/qualcomm-inc
2026-09-15T03:04:26+08:00,NVDA,218.29,-0.07,-0.03%,https://www.investing.com/equities/nvidia-corp
2026-09-15T04:04:57+08:00,QCOM,182.15,0.18,0.10%,https://www.investing.com/equities/qualcomm-inc
2026-09-15T04:04:57+08:00,NVDA,212.56,-6.24,-2.86%,https://www.investing.com/equities/nvidia-corp
2026-09-15T22:07:31+08:00,QCOM,180.15,-1.82,-1.00%,https://www.nasdaq.com/market-activity/stocks/qcom
2026-09-15T22:07:31+08:00,NVDA,205.65,2.84,1.40%,https://www.cnbc.com/quotes/NVDA
2026-09-15T23:06:00+08:00,QCOM,180.15,-1.82,-1.00%,https://www.nasdaq.com/market-activity/stocks/qcom
2026-09-15T23:06:00+08:00,NVDA,212.56,-6.24,-2.86%,https://www.investing.com/equities/nvidia-corp
2026-09-16T00:05:17+08:00,QCOM,180.15,-1.82,-1.00%,https://www.ad-hoc-news.de/boerse/news/corporate-news/qualcomm-stock-heads-into-the-open-after-a-1-0-percent-drop/70103627
2026-09-16T00:05:17+08:00,NVDA,210.96,-7.33,-3.36%,https://finance.yahoo.com/quote/NVDA/history/
2026-09-16T01:04:14+08:00,QCOM,180.15,-1.82,-1.00%,https://www.investing.com/equities/qualcomm-inc
2026-09-16T01:04:14+08:00,NVDA,210.96,-7.33,-3.36%,https://finance.yahoo.com/quote/NVDA/history/
2026-09-16T02:04:54+08:00,QCOM,174.24,-7.73,-4.25%,https://www.investing.com/equities/qualcomm-inc
2026-09-16T02:04:54+08:00,NVDA,199.32,-6.24,-2.86%,https://tradingeconomics.com/nvda:us
2026-09-16T03:04:29+08:00,QCOM,174.24,-7.73,-4.25%,https://www.cnn.com/markets/stocks/QCOM
2026-09-16T03:04:29+08:00,NVDA,210.96,-7.33,-3.36%,https://www.cnn.com/markets/stocks/NVDA
2026-09-16T04:04:38+08:00,QCOM,180.15,-1.82,-1.00%,https://www.ad-hoc-news.de/boerse/news/corporate-news/qualcomm-stock-heads-into-the-open-after-a-1-0-percent-drop/70103627
2026-09-16T04:04:38+08:00,NVDA,210.96,-7.33,-3.36%,https://www.ad-hoc-news.de/boerse/news/corporate-news/nvidia-stock-heads-into-the-open-after-a-3-4-percent-drop/70103534
2026-09-16T22:05:39+08:00,QCOM,187.80,7.65,4.25%,https://www.cnbc.com/quotes/QCOM
2026-09-16T22:05:39+08:00,NVDA,212.17,1.21,0.57%,https://finance.yahoo.com/quote/NVDA/
2026-09-16T23:05:43+08:00,QCOM,187.80,7.65,4.25%,https://www.cnn.com/markets/stocks/QCOM
2026-09-16T23:05:43+08:00,NVDA,212.17,1.21,0.57%,https://www.cnn.com/markets/stocks/NVDA
2026-09-17T00:04:14+08:00,QCOM,187.80,7.65,4.25%,https://www.macrotrends.net/stocks/charts/QCOM/qualcomm/stock-price-history
2026-09-17T00:04:14+08:00,NVDA,212.17,1.21,0.57%,https://finance.yahoo.com/quote/NVDA/
2026-09-17T01:04:03+08:00,QCOM,187.80,7.65,4.25%,https://www.cnbc.com/quotes/QCOM
2026-09-17T01:04:03+08:00,NVDA,212.17,1.21,0.57%,https://finance.yahoo.com/quote/NVDA/
2026-09-17T02:04:42+08:00,QCOM,187.80,7.65,4.25%,https://www.cnbc.com/quotes/QCOM
2026-09-17T02:04:42+08:00,NVDA,212.17,1.21,0.57%,https://finance.yahoo.com/quote/NVDA/
2026-09-17T03:04:16+08:00,QCOM,187.80,7.65,4.25%,https://www.cnbc.com/quotes/QCOM
2026-09-17T03:04:16+08:00,NVDA,212.17,1.21,0.57%,https://finance.yahoo.com/quote/NVDA/
2026-09-17T04:04:28+08:00,QCOM,187.80,7.65,4.25%,https://www.cnbc.com/quotes/QCOM
2026-09-17T04:04:28+08:00,NVDA,212.17,1.21,0.57%,https://finance.yahoo.com/quote/NVDA/
2026-09-17T22:05:47+08:00,QCOM,187.80,7.65,4.25%,https://www.cnbc.com/quotes/QCOM
2026-09-17T22:05:47+08:00,NVDA,212.17,1.21,0.57%,https://finance.yahoo.com/quote/NVDA/
2026-09-17T23:06:24+08:00,QCOM,189.03,1.23,0.65%,https://finance.yahoo.com/quote/QCOM/
2026-09-17T23:06:24+08:00,NVDA,215.54,3.37,1.59%,https://stockanalysis.com/stocks/nvda/
2026-09-18T00:04:50+08:00,QCOM,189.91,-0.25,-0.13%,https://www.nasdaq.com/market-activity/stocks/qcom
2026-09-18T00:04:50+08:00,NVDA,213.90,1.73,0.80%,https://www.nasdaq.com/market-activity/stocks/nvda
2026-09-18T01:05:48+08:00,QCOM,187.80,7.65,4.25%,https://www.cnn.com/markets/stocks/QCOM
2026-09-18T01:05:48+08:00,NVDA,213.90,1.74,0.82%,https://www.investing.com/equities/nvidia-corp
2026-09-18T02:04:44+08:00,QCOM,185.84,5.53,3.07%,https://www.investing.com/equities/qualcomm-inc
2026-09-18T02:04:44+08:00,NVDA,215.68,3.51,1.65%,https://www.coinbase.com/stock/NVDA
2026-09-18T03:04:25+08:00,QCOM,185.84,3.93,2.13%,https://www.cnn.com/markets/stocks/QCOM
2026-09-18T03:04:25+08:00,NVDA,215.68,5.71,2.67%,https://www.cnn.com/markets/stocks/NVDA
2026-09-18T04:05:24+08:00,QCOM,184.84,-2.96,-1.58%,https://finance.yahoo.com/quote/QCOM/
2026-09-18T04:05:24+08:00,NVDA,214.53,2.34,1.10%,https://finance.yahoo.com/quote/NVDA/
2026-09-18T22:06:58+08:00,QCOM,190.66,5.82,3.15%,https://www.cnn.com/markets/stocks/QCOM
2026-09-18T22:06:58+08:00,NVDA,219.34,5.71,2.67%,https://www.cnn.com/markets/stocks/NVDA
2026-09-18T23:06:16+08:00,QCOM,182.20,5.43,3.07%,https://www.investing.com/equities/qualcomm-inc
2026-09-18T23:06:16+08:00,NVDA,219.34,5.44,2.54%,https://www.investing.com/equities/nvidia-corp
2026-09-19T00:05:13+08:00,QCOM,188.71,3.87,2.09%,https://stockanalysis.com/stocks/qcom/
2026-09-19T00:05:13+08:00,NVDA,219.34,5.44,2.54%,https://stockanalysis.com/stocks/nvda/
2026-09-19T01:03:42+08:00,QCOM,182.20,5.43,3.07%,https://www.investing.com/equities/qualcomm-inc
2026-09-19T01:03:42+08:00,NVDA,219.34,5.44,2.54%,https://www.investing.com/equities/nvidia-corp
2026-09-19T02:15:41+08:00,QCOM,181.97,5.09,2.88%,https://stockanalysis.com/stocks/qcom/
2026-09-19T02:15:41+08:00,NVDA,219.34,5.44,2.54%,https://www.investing.com/equities/nvidia-corp
2026-09-19T03:16:15+08:00,QCOM,182.20,3.93,2.13%,https://finance.yahoo.com/quote/QCOM/
2026-09-19T03:16:15+08:00,NVDA,219.34,5.44,2.54%,https://finance.yahoo.com/quote/NVDA/
2026-09-19T04:16:34+08:00,QCOM,179.01,3.93,2.13%,https://stockanalysis.com/stocks/qcom/
2026-09-19T04:16:34+08:00,NVDA,219.34,5.44,2.54%,https://www.investing.com/equities/nvidia-corp
2026-09-21T22:16:34+08:00,QCOM,177.72,-10.99,-5.82%,https://www.cnn.com/markets/stocks/QCOM
2026-09-21T22:16:34+08:00,NVDA,222.27,2.93,1.34%,https://www.cnn.com/markets/stocks/NVDA
2026-09-21T23:15:16+08:00,QCOM,178.00,0.28,0.16%,https://www.cnn.com/markets/stocks/QCOM
2026-09-21T23:15:16+08:00,NVDA,224.60,2.33,1.05%,https://www.investing.com/equities/nvidia-corp
2026-09-22T00:17:40+08:00,QCOM,177.72,-10.99,-5.82%,https://www.cnn.com/markets/stocks/QCOM
2026-09-22T00:17:40+08:00,NVDA,224.60,2.93,1.34%,https://www.cnn.com/markets/stocks/NVDA
2026-09-22T01:17:04+08:00,QCOM,177.72,-10.99,-5.82%,https://www.ad-hoc-news.de/boerse/news/corporate-news/qualcomm-stock-heads-into-the-open-after-a-5-82-percent-slide/70142598
2026-09-22T01:17:04+08:00,NVDA,222.27,2.93,1.34%,https://stockinvest.us/stock-news/nvidia-stock-price-ended-at-22227-on-friday-after-gaining-134-2026-09-18
2026-09-22T02:14:10+08:00,QCOM,177.72,-10.99,-5.82%,https://www.cnn.com/markets/stocks/QCOM
2026-09-22T02:14:10+08:00,NVDA,222.27,2.93,1.34%,https://www.cnn.com/markets/stocks/NVDA
2026-09-22T03:14:59+08:00,QCOM,177.72,-10.99,-5.82%,https://www.cnn.com/markets/stocks/QCOM
2026-09-22T03:14:59+08:00,NVDA,222.27,2.93,1.34%,https://www.cnn.com/markets/stocks/NVDA
2026-09-22T04:14:38+08:00,QCOM,178.00,-10.99,-5.82%,https://www.cnn.com/markets/stocks/QCOM
2026-09-22T04:14:38+08:00,NVDA,222.27,2.93,1.34%,https://www.cnn.com/markets/stocks/NVDA
2026-09-22T22:16:57+08:00,QCOM,177.72,-10.99,-5.82%,https://www.cnn.com/markets/stocks/QCOM
2026-09-22T22:16:57+08:00,NVDA,227.38,5.11,2.30%,https://www.cnn.com/markets/stocks/NVDA
2026-09-22T23:14:10+08:00,QCOM,177.72,-10.99,-5.82%,https://www.investing.com/equities/qualcomm-inc
2026-09-22T23:14:10+08:00,NVDA,227.38,5.11,2.30%,https://www.investing.com/equities/nvidia-corp
2026-09-23T00:14:36+08:00,QCOM,177.72,-10.99,-5.82%,https://www.investing.com/equities/qualcomm-inc
2026-09-23T00:14:36+08:00,NVDA,227.38,5.11,2.30%,https://www.investing.com/equities/nvidia-corp
2026-09-23T01:15:12+08:00,QCOM,194.77,0.54,0.28%,https://kalkinemedia.com/us/stocks/technology/is-qualcomm-nasdaqqcom-stock-worth-watching-today
2026-09-23T01:15:12+08:00,NVDA,226.47,-0.91,-0.40%,https://www.investing.com/equities/nvidia-corp
2026-09-23T02:14:08+08:00,QCOM,196.31,2.08,1.07%,https://www.investing.com/equities/qualcomm-inc
2026-09-23T02:14:08+08:00,NVDA,227.38,5.08,2.29%,https://www.investing.com/equities/nvidia-corp
2026-09-23T04:15:29+08:00,QCOM,195.86,1.66,0.85%,https://www.cnn.com/markets/stocks/QCOM
2026-09-23T04:15:29+08:00,NVDA,227.38,5.11,2.30%,https://www.cnn.com/markets/stocks/NVDA
2026-09-23T22:14:43+08:00,QCOM,195.82,1.57,0.81%,https://www.cnbc.com/quotes/QCOM
2026-09-23T22:14:43+08:00,NVDA,228.87,1.49,0.66%,https://www.cnbc.com/quotes/NVDA
